InvoiceID,VendorID,PropertyID,InvoiceDate,Category,Amount,Status,ApprovalDate,PaymentDate
I00001,V001,P007,2025-03-01,Repairs,8373,Pending,,
I00002,V017,P005,2026-03-11,Utilities,5756,Approved,2026-03-12,
I00003,V009,P001,2025-01-21,Utilities,9067,Paid,2025-01-22,2025-02-03
I00004,V019,P008,2026-01-17,Landscaping,3138,Pending,,
I00005,V018,P010,2025-09-02,Repairs,1978,Approved,2025-09-03,
I00006,V007,P008,2025-03-14,Landscaping,2371,Paid,2025-03-19,2025-03-24
I00007,V009,P010,2026-03-25,Utilities,1707,Approved,2026-03-28,
I00008,V012,P010,2025-03-17,Repairs,3239,Paid,2025-03-18,2025-03-28
I00009,V007,P010,2026-11-29,Security,705,Pending,,
I00010,V014,P002,2026-08-13,Utilities,4835,Paid,2026-08-18,2026-08-21
I00011,V015,P010,2026-01-25,Utilities,3765,Paid,2026-01-28,2026-02-03
I00012,V015,P003,2026-07-31,Utilities,5952,Pending,,
I00013,V006,P004,2025-12-08,Repairs,5562,Pending,,
I00014,V014,P001,2025-10-17,Cleaning,2244,Paid,2025-10-18,2025-10-24
I00015,V002,P004,2026-07-22,Security,4370,Approved,2026-07-24,
I00016,V008,P005,2025-11-27,Security,8207,Approved,2025-12-01,
I00017,V013,P003,2025-09-16,Landscaping,1476,Approved,2025-09-17,
I00018,V006,P010,2026-03-02,Repairs,3562,Paid,2026-03-06,2026-03-10
I00019,V005,P002,2026-12-03,Utilities,447,Paid,2026-12-04,2026-12-10
I00020,V005,P006,2025-01-06,Cleaning,100,Pending,,
I00021,V001,P008,2025-01-06,Repairs,162,Pending,,
I00022,V009,P007,2025-07-10,Repairs,1883,Paid,2025-07-12,2025-07-18
I00023,V006,P001,2025-05-28,Cleaning,8517,Paid,2025-06-01,2025-06-06
I00024,V020,P004,2026-02-09,Utilities,6666,Approved,2026-02-14,
I00025,V007,P003,2025-09-15,Repairs,1142,Paid,2025-09-17,2025-09-22
I00026,V009,P006,2026-12-31,Security,9136,Paid,2027-01-04,2027-01-09
I00027,V005,P009,2026-04-24,Security,1334,Pending,,
I00028,V014,P009,2025-03-31,Cleaning,2084,Paid,2025-04-04,2025-04-07
I00029,V005,P007,2025-01-10,Utilities,9570,Approved,2025-01-16,
I00030,V008,P009,2025-03-28,Cleaning,1694,Pending,,
I00031,V007,P008,2025-05-31,Repairs,6357,Approved,2025-06-06,
I00032,V013,P005,2026-09-17,Security,2052,Paid,2026-09-19,2026-09-25
I00033,V013,P009,2025-01-30,Landscaping,1795,Paid,2025-02-01,2025-02-10
I00034,V008,P007,2025-05-08,Cleaning,1054,Pending,,
I00035,V011,P005,2025-03-19,Landscaping,3391,Pending,,
I00036,V018,P008,2026-02-25,Landscaping,8648,Approved,2026-02-27,
I00037,V019,P007,2025-02-24,Security,1068,Paid,2025-02-27,2025-03-07
I00038,V006,P009,2026-04-25,Cleaning,341,Paid,2026-04-30,2026-05-08
I00039,V002,P010,2025-11-01,Landscaping,4334,Approved,2025-11-02,
I00040,V013,P001,2026-06-30,Repairs,8438,Approved,2026-07-06,
I00041,V011,P009,2025-04-15,Utilities,7449,Pending,,
I00042,V001,P007,2025-06-21,Utilities,5261,Approved,2025-06-25,
I00043,V002,P001,2026-05-14,Security,8834,Pending,,
I00044,V017,P001,2025-01-22,Cleaning,8983,Paid,2025-01-28,2025-02-01
I00045,V008,P005,2025-10-14,Cleaning,1125,Pending,,
I00046,V002,P008,2026-01-26,Utilities,3459,Approved,2026-01-27,
I00047,V006,P009,2026-09-09,Repairs,5357,Pending,,
I00048,V005,P006,2025-05-29,Utilities,5836,Approved,2025-05-31,
I00049,V016,P010,2025-09-29,Utilities,7779,Pending,,
I00050,V008,P008,2025-10-26,Cleaning,3051,Approved,2025-11-01,
I00051,V019,P006,2025-06-21,Landscaping,9021,Pending,,
I00052,V016,P006,2025-02-16,Repairs,7489,Paid,2025-02-21,2025-02-26
I00053,V013,P004,2026-09-18,Cleaning,2655,Approved,2026-09-23,
I00054,V020,P005,2025-07-26,Utilities,1250,Paid,2025-07-29,2025-08-08
I00055,V007,P002,2026-03-29,Landscaping,1835,Approved,2026-04-04,
I00056,V016,P003,2026-01-30,Repairs,8031,Approved,2026-02-01,
I00057,V016,P003,2025-10-28,Security,1138,Approved,2025-11-01,
I00058,V012,P005,2026-12-09,Repairs,6469,Paid,2026-12-12,2026-12-22
I00059,V014,P005,2026-11-07,Repairs,7227,Approved,2026-11-09,
I00060,V018,P006,2025-06-25,Utilities,3012,Pending,,
I00061,V018,P005,2025-04-20,Utilities,4940,Paid,2025-04-23,2025-05-02
I00062,V016,P006,2026-11-15,Security,1342,Pending,,
I00063,V020,P008,2025-07-21,Security,9064,Paid,2025-07-27,2025-07-30
I00064,V016,P002,2025-06-17,Security,8198,Pending,,
I00065,V013,P004,2026-09-06,Cleaning,3512,Approved,2026-09-07,
I00066,V009,P006,2025-03-27,Cleaning,2599,Pending,,
I00067,V009,P005,2026-10-16,Utilities,7260,Paid,2026-10-22,2026-10-23
I00068,V013,P001,2026-12-26,Utilities,6210,Approved,2026-12-28,
I00069,V004,P009,2025-02-20,Security,3645,Approved,2025-02-24,
I00070,V009,P003,2025-04-22,Cleaning,1313,Pending,,
I00071,V015,P002,2026-04-08,Landscaping,518,Approved,2026-04-12,
I00072,V014,P009,2026-03-18,Cleaning,5060,Paid,2026-03-20,2026-03-28
I00073,V019,P007,2025-09-28,Utilities,888,Approved,2025-10-01,
I00074,V012,P005,2026-07-31,Cleaning,1971,Pending,,
I00075,V006,P006,2025-12-10,Utilities,2125,Approved,2025-12-15,
I00076,V003,P004,2025-07-02,Security,6364,Approved,2025-07-04,
I00077,V020,P001,2026-05-18,Security,2546,Pending,,
I00078,V016,P004,2025-01-10,Security,7529,Pending,,
I00079,V020,P009,2026-05-09,Landscaping,4923,Paid,2026-05-15,2026-05-17
I00080,V017,P001,2025-08-22,Landscaping,8852,Paid,2025-08-26,2025-09-04
I00081,V016,P010,2025-10-25,Utilities,2751,Pending,,
I00082,V006,P003,2025-09-01,Repairs,639,Paid,2025-09-02,2025-09-12
I00083,V008,P005,2026-05-24,Landscaping,6599,Pending,,
I00084,V019,P007,2025-12-17,Utilities,4855,Approved,2025-12-21,
I00085,V002,P009,2025-09-24,Cleaning,6059,Approved,2025-09-29,
I00086,V014,P006,2026-09-22,Security,3389,Pending,,
I00087,V012,P003,2026-10-18,Security,5646,Approved,2026-10-22,
I00088,V017,P007,2025-07-20,Security,2858,Paid,2025-07-25,2025-07-27
I00089,V015,P004,2025-08-27,Utilities,5411,Paid,2025-08-29,2025-09-08
I00090,V018,P003,2025-11-30,Security,4207,Pending,,
I00091,V016,P007,2026-02-19,Landscaping,1995,Pending,,
I00092,V013,P007,2026-04-29,Cleaning,2600,Paid,2026-05-03,2026-05-10
I00093,V017,P004,2026-03-13,Security,2929,Pending,,
I00094,V008,P007,2025-09-03,Utilities,147,Approved,2025-09-06,
I00095,V001,P002,2025-01-08,Cleaning,2464,Pending,,
I00096,V003,P001,2025-06-01,Security,5766,Approved,2025-06-07,
I00097,V016,P002,2026-01-27,Repairs,6558,Pending,,
I00098,V002,P004,2025-07-30,Security,9045,Paid,2025-08-02,2025-08-12
I00099,V015,P008,2026-01-02,Landscaping,8277,Paid,2026-01-08,2026-01-09
I00100,V001,P003,2026-11-01,Cleaning,7730,Pending,,
I00101,V009,P010,2026-07-24,Landscaping,8031,Paid,2026-07-28,2026-08-06
I00102,V016,P006,2025-03-27,Repairs,7158,Approved,2025-03-31,
I00103,V004,P006,2025-02-24,Repairs,2902,Pending,,
I00104,V012,P009,2026-12-14,Landscaping,8694,Paid,2026-12-20,2026-12-24
I00105,V001,P009,2026-09-26,Cleaning,2186,Approved,2026-09-27,
I00106,V001,P004,2026-03-22,Repairs,6824,Pending,,
I00107,V007,P009,2026-09-12,Repairs,6255,Pending,,
I00108,V018,P006,2025-10-31,Security,1249,Paid,2025-11-04,2025-11-10
I00109,V015,P002,2025-05-12,Utilities,162,Paid,2025-05-13,2025-05-21
I00110,V013,P010,2026-02-25,Repairs,3253,Paid,2026-02-26,2026-03-09
I00111,V016,P006,2026-01-20,Cleaning,9300,Pending,,
I00112,V007,P002,2025-07-17,Cleaning,6038,Paid,2025-07-23,2025-07-24
I00113,V016,P008,2025-02-16,Security,9614,Pending,,
I00114,V013,P004,2025-07-22,Cleaning,851,Paid,2025-07-23,2025-08-03
I00115,V014,P005,2025-09-18,Security,7876,Pending,,
I00116,V017,P008,2026-11-21,Repairs,8949,Approved,2026-11-22,
I00117,V012,P008,2025-01-24,Repairs,9952,Approved,2025-01-26,
I00118,V020,P006,2026-11-18,Repairs,800,Paid,2026-11-21,2026-11-26
I00119,V013,P004,2025-12-06,Repairs,9372,Paid,2025-12-07,2025-12-18
I00120,V020,P001,2026-02-16,Utilities,1640,Approved,2026-02-19,
I00121,V015,P007,2025-09-18,Utilities,3132,Approved,2025-09-19,
I00122,V004,P008,2025-10-13,Repairs,6267,Paid,2025-10-16,2025-10-26
I00123,V002,P009,2026-05-28,Cleaning,6464,Pending,,
I00124,V018,P002,2025-03-27,Security,2083,Paid,2025-03-31,2025-04-09
I00125,V002,P001,2026-03-06,Landscaping,8606,Paid,2026-03-10,2026-03-16
I00126,V015,P004,2026-08-04,Security,5896,Pending,,
I00127,V019,P005,2025-01-31,Landscaping,7748,Pending,,
I00128,V015,P010,2026-12-11,Landscaping,7994,Approved,2026-12-14,
I00129,V020,P001,2026-08-26,Repairs,2414,Pending,,
I00130,V010,P005,2026-03-16,Landscaping,8059,Approved,2026-03-17,
I00131,V020,P006,2025-12-15,Repairs,1749,Paid,2025-12-17,2025-12-24
I00132,V011,P003,2026-02-16,Utilities,7800,Approved,2026-02-19,
I00133,V010,P007,2026-06-12,Cleaning,7000,Pending,,
I00134,V005,P006,2025-11-06,Landscaping,3900,Approved,2025-11-11,
I00135,V009,P004,2026-01-31,Cleaning,2578,Approved,2026-02-02,
I00136,V020,P003,2025-12-04,Repairs,7154,Paid,2025-12-09,2025-12-17
I00137,V019,P005,2026-11-05,Landscaping,6159,Pending,,
I00138,V013,P003,2026-03-13,Security,8533,Approved,2026-03-16,
I00139,V018,P010,2026-12-05,Utilities,6309,Paid,2026-12-06,2026-12-15
I00140,V017,P009,2026-10-25,Utilities,7215,Approved,2026-10-30,
I00141,V006,P009,2025-12-31,Landscaping,2356,Approved,2026-01-03,
I00142,V010,P006,2025-04-23,Utilities,3468,Pending,,
I00143,V002,P006,2025-06-25,Security,7487,Paid,2025-06-27,2025-07-06
I00144,V006,P004,2025-05-29,Cleaning,8658,Approved,2025-05-30,
I00145,V013,P004,2025-06-27,Security,2927,Paid,2025-07-02,2025-07-07
I00146,V018,P002,2026-01-17,Utilities,9544,Paid,2026-01-20,2026-01-24
I00147,V007,P010,2025-08-11,Cleaning,2587,Approved,2025-08-12,
I00148,V002,P004,2025-09-16,Security,3703,Approved,2025-09-17,
I00149,V014,P008,2025-07-08,Repairs,3621,Pending,,
I00150,V005,P010,2025-11-02,Repairs,4617,Pending,,
I00151,V018,P002,2026-01-13,Cleaning,1743,Paid,2026-01-17,2026-01-22
I00152,V011,P009,2026-08-25,Cleaning,1312,Approved,2026-08-26,
I00153,V010,P001,2025-12-09,Cleaning,7445,Approved,2025-12-12,
I00154,V011,P002,2025-06-05,Repairs,4803,Paid,2025-06-07,2025-06-18
I00155,V002,P002,2026-12-13,Security,5534,Pending,,
I00156,V015,P006,2025-02-24,Cleaning,119,Approved,2025-03-02,
I00157,V007,P007,2026-03-18,Repairs,775,Approved,2026-03-22,
I00158,V009,P003,2026-11-16,Cleaning,4577,Approved,2026-11-19,
I00159,V005,P009,2025-07-19,Cleaning,708,Paid,2025-07-22,2025-07-26
I00160,V007,P005,2026-02-07,Cleaning,6386,Approved,2026-02-10,
I00161,V020,P005,2026-09-06,Repairs,161,Approved,2026-09-11,
I00162,V002,P004,2026-10-25,Security,9557,Approved,2026-10-30,
I00163,V003,P009,2026-09-15,Repairs,1254,Pending,,
I00164,V002,P008,2026-08-26,Repairs,9920,Approved,2026-08-28,
I00165,V019,P004,2025-06-26,Cleaning,9918,Approved,2025-06-29,
I00166,V004,P004,2026-03-25,Landscaping,3816,Paid,2026-03-30,2026-04-02
I00167,V020,P002,2026-06-25,Landscaping,5342,Paid,2026-06-30,2026-07-03
I00168,V007,P009,2025-10-28,Landscaping,5659,Approved,2025-11-02,
I00169,V007,P003,2026-12-08,Repairs,5122,Approved,2026-12-10,
I00170,V017,P004,2025-11-03,Cleaning,6585,Pending,,
I00171,V019,P007,2025-09-24,Landscaping,1542,Pending,,
I00172,V016,P010,2025-08-02,Utilities,1753,Approved,2025-08-04,
I00173,V003,P008,2026-08-17,Utilities,2602,Approved,2026-08-20,
I00174,V015,P008,2026-10-02,Utilities,3369,Pending,,
I00175,V014,P004,2026-04-28,Security,381,Approved,2026-05-02,
I00176,V015,P007,2025-09-19,Cleaning,9316,Paid,2025-09-22,2025-09-29
I00177,V014,P010,2025-03-08,Repairs,3503,Pending,,
I00178,V007,P001,2026-07-28,Repairs,1335,Paid,2026-08-02,2026-08-06
I00179,V003,P006,2025-05-13,Cleaning,4860,Pending,,
I00180,V017,P006,2026-10-11,Security,7040,Approved,2026-10-17,
I00181,V010,P006,2026-06-24,Cleaning,885,Paid,2026-06-29,2026-07-06
I00182,V015,P002,2026-05-27,Security,9959,Approved,2026-05-28,
I00183,V006,P008,2025-07-30,Landscaping,3294,Paid,2025-08-05,2025-08-08
I00184,V017,P005,2026-12-18,Landscaping,4889,Pending,,
I00185,V017,P005,2025-09-10,Security,3875,Approved,2025-09-16,
I00186,V014,P002,2025-02-07,Cleaning,5450,Approved,2025-02-10,
I00187,V018,P004,2025-02-12,Landscaping,633,Approved,2025-02-17,
I00188,V005,P009,2026-09-21,Cleaning,8693,Paid,2026-09-26,2026-09-30
I00189,V008,P009,2026-02-09,Landscaping,3763,Paid,2026-02-13,2026-02-18
I00190,V007,P006,2026-12-03,Cleaning,229,Paid,2026-12-04,2026-12-13
I00191,V004,P009,2025-02-15,Cleaning,3059,Pending,,
I00192,V018,P004,2026-03-30,Utilities,1958,Approved,2026-04-02,
I00193,V005,P001,2026-11-09,Security,3749,Approved,2026-11-11,
I00194,V016,P002,2025-11-01,Repairs,3197,Approved,2025-11-04,
I00195,V014,P001,2026-12-16,Security,3612,Paid,2026-12-22,2026-12-23
I00196,V019,P008,2025-08-21,Cleaning,4960,Pending,,
I00197,V014,P009,2025-09-02,Cleaning,9512,Approved,2025-09-05,
I00198,V009,P010,2026-12-22,Security,8933,Approved,2026-12-26,
I00199,V006,P006,2025-10-22,Cleaning,823,Paid,2025-10-25,2025-11-01
I00200,V017,P002,2026-01-18,Landscaping,837,Paid,2026-01-22,2026-01-30
I00201,V019,P006,2025-06-07,Cleaning,1399,Approved,2025-06-13,
I00202,V012,P009,2026-02-09,Security,3580,Pending,,
I00203,V004,P003,2025-01-01,Security,439,Approved,2025-01-05,
I00204,V016,P009,2025-08-05,Security,252,Approved,2025-08-10,
I00205,V011,P002,2026-05-22,Utilities,5784,Paid,2026-05-24,2026-05-29
I00206,V004,P005,2026-08-04,Utilities,9713,Approved,2026-08-10,
I00207,V017,P002,2025-01-30,Utilities,3151,Approved,2025-02-03,
I00208,V008,P007,2026-09-19,Utilities,526,Approved,2026-09-20,
I00209,V014,P010,2026-06-04,Utilities,7246,Approved,2026-06-10,
I00210,V002,P009,2025-10-02,Utilities,8225,Paid,2025-10-03,2025-10-14
I00211,V011,P007,2026-05-07,Utilities,6447,Pending,,
I00212,V011,P005,2025-02-05,Security,9427,Approved,2025-02-07,
I00213,V006,P004,2025-11-07,Repairs,2472,Paid,2025-11-11,2025-11-18
I00214,V014,P004,2025-02-13,Utilities,8226,Pending,,
I00215,V010,P010,2025-06-04,Security,1049,Paid,2025-06-10,2025-06-15
I00216,V008,P008,2025-03-18,Repairs,7795,Approved,2025-03-24,
I00217,V007,P010,2026-08-13,Utilities,1473,Approved,2026-08-15,
I00218,V008,P010,2026-09-05,Repairs,7182,Pending,,
I00219,V008,P010,2026-03-14,Repairs,9248,Approved,2026-03-19,
I00220,V002,P010,2026-03-08,Landscaping,9993,Approved,2026-03-09,
I00221,V016,P010,2026-06-26,Cleaning,2582,Pending,,
I00222,V009,P001,2025-02-08,Landscaping,7693,Approved,2025-02-14,
I00223,V013,P005,2025-08-27,Repairs,9595,Pending,,
I00224,V012,P002,2025-01-13,Security,470,Approved,2025-01-16,
I00225,V017,P009,2025-05-02,Utilities,7937,Paid,2025-05-03,2025-05-15
I00226,V002,P007,2025-05-24,Cleaning,2396,Pending,,
I00227,V013,P010,2026-11-15,Utilities,7134,Pending,,
I00228,V001,P008,2026-03-31,Security,6424,Paid,2026-04-04,2026-04-13
I00229,V019,P006,2026-01-03,Cleaning,7242,Approved,2026-01-05,
I00230,V011,P009,2025-09-04,Landscaping,7128,Pending,,
I00231,V005,P006,2025-02-14,Repairs,6579,Approved,2025-02-15,
I00232,V001,P007,2026-01-10,Security,4245,Pending,,
I00233,V020,P007,2025-10-18,Repairs,4121,Pending,,
I00234,V013,P009,2025-07-26,Repairs,2464,Paid,2025-07-29,2025-08-02
I00235,V008,P008,2026-06-03,Utilities,5330,Paid,2026-06-06,2026-06-13
I00236,V006,P001,2025-08-30,Security,6070,Approved,2025-09-01,
I00237,V017,P004,2026-09-14,Repairs,9054,Pending,,
I00238,V012,P007,2025-04-24,Landscaping,7400,Pending,,
I00239,V001,P008,2025-10-29,Cleaning,6855,Paid,2025-10-31,2025-11-10
I00240,V003,P007,2025-10-03,Security,1104,Pending,,
I00241,V014,P003,2025-04-06,Utilities,7157,Approved,2025-04-07,
I00242,V008,P004,2025-10-21,Security,3855,Pending,,
I00243,V011,P007,2026-12-02,Utilities,2946,Approved,2026-12-06,
I00244,V014,P008,2025-12-26,Cleaning,6362,Pending,,
I00245,V008,P007,2025-10-15,Landscaping,8641,Approved,2025-10-20,
I00246,V003,P006,2025-06-03,Repairs,3064,Paid,2025-06-06,2025-06-15
I00247,V007,P009,2026-07-24,Security,8978,Approved,2026-07-26,
I00248,V019,P009,2026-02-27,Utilities,4737,Pending,,
I00249,V004,P007,2025-02-19,Cleaning,2855,Paid,2025-02-24,2025-03-04
I00250,V016,P008,2025-07-26,Repairs,3724,Pending,,
I00251,V013,P006,2026-07-18,Cleaning,2832,Approved,2026-07-23,
I00252,V020,P001,2026-10-24,Landscaping,6573,Approved,2026-10-29,
I00253,V019,P001,2026-07-19,Repairs,6451,Pending,,
I00254,V005,P006,2025-08-01,Repairs,1793,Approved,2025-08-05,
I00255,V005,P002,2025-03-07,Repairs,784,Paid,2025-03-09,2025-03-20
I00256,V020,P008,2025-08-20,Utilities,3019,Paid,2025-08-23,2025-08-28
I00257,V004,P001,2026-10-25,Repairs,7266,Approved,2026-10-27,
I00258,V002,P002,2026-12-18,Cleaning,3856,Pending,,
I00259,V013,P008,2025-11-16,Utilities,5554,Approved,2025-11-17,
I00260,V016,P006,2025-05-17,Repairs,3383,Approved,2025-05-20,
I00261,V002,P010,2026-10-09,Cleaning,4791,Approved,2026-10-11,
I00262,V019,P002,2026-07-20,Cleaning,6928,Approved,2026-07-23,
I00263,V017,P002,2025-03-06,Security,7450,Approved,2025-03-07,
I00264,V005,P007,2026-05-29,Cleaning,1256,Pending,,
I00265,V018,P005,2025-05-12,Landscaping,3161,Pending,,
I00266,V018,P005,2025-11-30,Repairs,7257,Approved,2025-12-06,
I00267,V008,P008,2025-02-01,Repairs,6019,Approved,2025-02-04,
I00268,V015,P007,2026-05-13,Repairs,5993,Paid,2026-05-19,2026-05-25
I00269,V013,P009,2025-08-31,Cleaning,4545,Approved,2025-09-05,
I00270,V013,P004,2025-07-11,Cleaning,6536,Paid,2025-07-15,2025-07-21
I00271,V016,P010,2025-05-22,Repairs,1392,Paid,2025-05-23,2025-05-30
I00272,V020,P004,2026-10-22,Utilities,9852,Paid,2026-10-25,2026-11-01
I00273,V013,P002,2026-08-24,Utilities,9275,Pending,,
I00274,V020,P003,2026-07-15,Landscaping,8002,Paid,2026-07-16,2026-07-24
I00275,V002,P001,2026-10-10,Security,2167,Pending,,
I00276,V003,P001,2025-07-10,Landscaping,2079,Pending,,
I00277,V015,P007,2025-05-29,Repairs,1836,Approved,2025-06-03,
I00278,V019,P005,2026-08-22,Repairs,2018,Pending,,
I00279,V013,P003,2026-02-20,Repairs,800,Pending,,
I00280,V005,P007,2026-06-04,Security,4146,Pending,,
I00281,V006,P002,2025-01-16,Cleaning,2173,Pending,,
I00282,V014,P003,2025-04-16,Security,4761,Approved,2025-04-22,
I00283,V004,P001,2025-10-10,Landscaping,494,Pending,,
I00284,V019,P008,2025-04-14,Cleaning,3148,Approved,2025-04-18,
I00285,V007,P002,2025-12-27,Cleaning,3552,Paid,2025-12-28,2026-01-08
I00286,V004,P007,2026-10-20,Landscaping,622,Approved,2026-10-26,
I00287,V002,P009,2025-02-04,Cleaning,9854,Approved,2025-02-09,
I00288,V007,P006,2025-04-23,Utilities,8841,Paid,2025-04-28,2025-05-02
I00289,V003,P002,2025-11-04,Landscaping,1568,Pending,,
I00290,V015,P002,2025-02-22,Landscaping,6330,Approved,2025-02-27,
I00291,V001,P009,2025-03-22,Utilities,8216,Paid,2025-03-28,2025-04-02
I00292,V002,P010,2026-09-08,Security,9124,Paid,2026-09-11,2026-09-19
I00293,V010,P008,2026-01-04,Security,6911,Approved,2026-01-06,
I00294,V016,P009,2025-08-30,Security,1521,Pending,,
I00295,V015,P004,2025-01-31,Cleaning,8087,Paid,2025-02-01,2025-02-07
I00296,V015,P004,2026-12-05,Utilities,385,Pending,,
I00297,V014,P002,2025-12-27,Landscaping,2845,Approved,2025-12-29,
I00298,V014,P010,2025-08-21,Landscaping,7208,Approved,2025-08-26,
I00299,V006,P001,2026-09-02,Landscaping,4564,Approved,2026-09-04,
I00300,V014,P010,2025-02-03,Cleaning,1545,Paid,2025-02-09,2025-02-15
I00301,V017,P004,2025-08-31,Cleaning,5937,Paid,2025-09-05,2025-09-13
I00302,V018,P010,2025-02-28,Security,1566,Paid,2025-03-05,2025-03-08
I00303,V020,P010,2026-06-13,Cleaning,7267,Pending,,
I00304,V019,P008,2025-03-19,Security,9206,Approved,2025-03-23,
I00305,V017,P002,2026-12-19,Security,8579,Paid,2026-12-23,2026-12-28
I00306,V016,P008,2025-10-29,Landscaping,4526,Approved,2025-11-04,
I00307,V008,P001,2026-11-09,Cleaning,6032,Paid,2026-11-15,2026-11-19
I00308,V007,P001,2025-04-22,Security,1278,Paid,2025-04-24,2025-05-04
I00309,V020,P004,2026-02-17,Utilities,2651,Approved,2026-02-18,
I00310,V012,P007,2025-11-13,Utilities,4470,Pending,,
I00311,V009,P009,2025-05-25,Cleaning,9880,Approved,2025-05-27,
I00312,V014,P005,2026-10-30,Landscaping,6422,Paid,2026-11-05,2026-11-06
I00313,V020,P002,2026-11-21,Landscaping,4962,Approved,2026-11-22,
I00314,V001,P007,2026-10-10,Security,9279,Paid,2026-10-12,2026-10-20
I00315,V010,P002,2025-01-18,Cleaning,5955,Approved,2025-01-21,
I00316,V017,P009,2025-12-17,Utilities,1303,Approved,2025-12-20,
I00317,V017,P009,2025-06-04,Security,7449,Approved,2025-06-05,
I00318,V017,P003,2026-05-21,Security,6486,Approved,2026-05-25,
I00319,V004,P008,2025-12-26,Repairs,1219,Paid,2025-12-27,2026-01-04
I00320,V017,P004,2025-11-28,Cleaning,8488,Pending,,
I00321,V018,P003,2026-06-12,Security,4075,Pending,,
I00322,V020,P001,2025-01-12,Utilities,8817,Paid,2025-01-14,2025-01-24
I00323,V002,P005,2025-03-16,Repairs,9702,Pending,,
I00324,V008,P004,2025-07-31,Utilities,1392,Approved,2025-08-05,
I00325,V013,P001,2026-11-22,Landscaping,9486,Pending,,
I00326,V020,P010,2026-10-03,Repairs,3755,Pending,,
I00327,V015,P008,2025-10-10,Repairs,4886,Approved,2025-10-13,
I00328,V020,P008,2025-07-14,Security,2317,Paid,2025-07-19,2025-07-27
I00329,V009,P008,2025-01-30,Landscaping,6690,Pending,,
I00330,V003,P003,2025-01-09,Security,1117,Pending,,
I00331,V003,P006,2025-11-05,Cleaning,5276,Pending,,
I00332,V002,P007,2026-03-21,Utilities,3690,Approved,2026-03-24,
I00333,V001,P009,2025-11-06,Utilities,8339,Pending,,
I00334,V014,P005,2026-11-08,Security,9119,Approved,2026-11-10,
I00335,V017,P009,2026-12-06,Utilities,6276,Paid,2026-12-09,2026-12-15
I00336,V013,P006,2026-03-02,Utilities,6747,Approved,2026-03-03,
I00337,V019,P010,2026-12-05,Cleaning,4822,Pending,,
I00338,V015,P010,2026-08-14,Landscaping,6115,Approved,2026-08-19,
I00339,V014,P010,2026-11-22,Repairs,5222,Paid,2026-11-28,2026-12-04
I00340,V002,P004,2025-04-01,Security,7783,Approved,2025-04-06,
I00341,V007,P001,2026-04-01,Security,2189,Approved,2026-04-03,
I00342,V017,P001,2026-03-20,Cleaning,2156,Approved,2026-03-26,
I00343,V018,P010,2026-12-28,Cleaning,9110,Pending,,
I00344,V006,P005,2025-03-20,Repairs,3780,Approved,2025-03-25,
I00345,V008,P003,2026-04-20,Landscaping,4985,Paid,2026-04-22,2026-05-02
I00346,V002,P005,2025-04-13,Security,3214,Approved,2025-04-17,
I00347,V001,P005,2026-09-15,Cleaning,7483,Approved,2026-09-16,
I00348,V016,P001,2026-04-01,Security,1729,Approved,2026-04-04,
I00349,V007,P008,2025-11-10,Utilities,1643,Pending,,
I00350,V011,P005,2025-09-04,Security,7612,Pending,,
I00351,V015,P005,2025-08-22,Landscaping,5869,Paid,2025-08-25,2025-08-31
I00352,V013,P009,2026-08-17,Landscaping,2004,Paid,2026-08-20,2026-08-26
I00353,V002,P008,2026-10-06,Security,1536,Paid,2026-10-10,2026-10-16
I00354,V014,P001,2025-08-23,Utilities,5131,Paid,2025-08-24,2025-08-30
I00355,V006,P003,2026-01-22,Landscaping,3417,Approved,2026-01-27,
I00356,V009,P007,2026-09-03,Cleaning,4216,Pending,,
I00357,V007,P001,2025-02-07,Security,9290,Approved,2025-02-12,
I00358,V018,P001,2025-06-10,Utilities,9723,Pending,,
I00359,V009,P005,2026-04-07,Cleaning,4652,Paid,2026-04-08,2026-04-16
I00360,V004,P009,2026-03-25,Security,5663,Paid,2026-03-31,2026-04-05
I00361,V009,P006,2025-04-27,Utilities,6223,Paid,2025-04-28,2025-05-04
I00362,V004,P010,2025-08-29,Cleaning,3161,Approved,2025-09-01,
I00363,V012,P002,2025-01-26,Landscaping,8189,Pending,,
I00364,V004,P009,2026-10-10,Security,8556,Pending,,
I00365,V020,P006,2026-07-16,Security,3831,Approved,2026-07-21,
I00366,V014,P005,2025-10-25,Landscaping,6427,Approved,2025-10-26,
I00367,V007,P005,2025-06-03,Repairs,3417,Approved,2025-06-08,
I00368,V013,P003,2026-10-14,Cleaning,2146,Paid,2026-10-15,2026-10-25
I00369,V008,P006,2026-04-13,Landscaping,3244,Paid,2026-04-15,2026-04-23
I00370,V005,P004,2025-02-18,Security,3321,Pending,,
I00371,V012,P010,2026-10-16,Cleaning,5164,Pending,,
I00372,V013,P002,2025-02-15,Cleaning,9545,Approved,2025-02-18,
I00373,V020,P003,2026-11-06,Repairs,822,Pending,,
I00374,V014,P009,2025-10-12,Security,7875,Paid,2025-10-13,2025-10-21
I00375,V018,P009,2026-09-20,Utilities,7664,Approved,2026-09-24,
I00376,V020,P006,2025-03-23,Repairs,8375,Pending,,
I00377,V004,P010,2025-02-13,Repairs,4935,Approved,2025-02-14,
I00378,V018,P010,2026-12-07,Utilities,3919,Approved,2026-12-09,
I00379,V007,P009,2025-09-30,Utilities,3464,Paid,2025-10-04,2025-10-07
I00380,V015,P004,2026-01-29,Repairs,6189,Pending,,
I00381,V006,P005,2026-08-18,Cleaning,4418,Paid,2026-08-22,2026-08-31
I00382,V016,P010,2025-02-27,Landscaping,7036,Approved,2025-02-28,
I00383,V020,P006,2026-07-19,Landscaping,2880,Paid,2026-07-21,2026-07-28
I00384,V008,P009,2025-01-01,Repairs,7498,Pending,,
I00385,V016,P005,2025-08-04,Cleaning,2552,Approved,2025-08-08,
I00386,V016,P008,2025-11-13,Utilities,5388,Approved,2025-11-16,
I00387,V003,P001,2025-08-16,Repairs,8620,Approved,2025-08-22,
I00388,V017,P005,2026-04-18,Security,525,Paid,2026-04-21,2026-04-30
I00389,V009,P010,2026-04-29,Cleaning,9061,Approved,2026-05-04,
I00390,V003,P001,2026-11-02,Security,4075,Paid,2026-11-07,2026-11-11
I00391,V020,P010,2025-10-14,Security,8899,Pending,,
I00392,V007,P006,2026-05-26,Repairs,6769,Paid,2026-05-28,2026-06-08
I00393,V018,P007,2026-08-01,Cleaning,2224,Pending,,
I00394,V012,P005,2026-04-03,Security,1400,Paid,2026-04-07,2026-04-10
I00395,V019,P001,2025-04-05,Cleaning,5115,Paid,2025-04-08,2025-04-14
I00396,V016,P006,2026-05-08,Landscaping,8757,Approved,2026-05-11,
I00397,V017,P010,2025-05-30,Security,2064,Approved,2025-06-05,
I00398,V020,P005,2025-01-23,Security,5667,Approved,2025-01-25,
I00399,V015,P006,2025-08-03,Cleaning,5379,Pending,,
I00400,V001,P010,2026-02-03,Landscaping,2460,Approved,2026-02-07,
I00401,V002,P007,2026-02-14,Security,2139,Approved,2026-02-16,
I00402,V008,P007,2025-05-11,Repairs,1284,Paid,2025-05-12,2025-05-20
I00403,V002,P002,2025-05-28,Cleaning,4034,Paid,2025-05-31,2025-06-05
I00404,V019,P003,2026-01-16,Cleaning,5894,Paid,2026-01-18,2026-01-24
I00405,V009,P006,2025-04-19,Security,8272,Approved,2025-04-21,
I00406,V009,P003,2026-07-06,Landscaping,877,Paid,2026-07-12,2026-07-13
I00407,V013,P002,2025-05-01,Security,3479,Approved,2025-05-02,
I00408,V006,P004,2025-10-22,Utilities,2518,Approved,2025-10-27,
I00409,V015,P005,2025-04-30,Security,4177,Approved,2025-05-03,
I00410,V019,P010,2026-04-01,Utilities,2539,Paid,2026-04-07,2026-04-08
I00411,V015,P009,2026-06-14,Repairs,7904,Paid,2026-06-16,2026-06-26
I00412,V018,P003,2025-06-18,Cleaning,5369,Approved,2025-06-21,
I00413,V007,P003,2026-12-11,Cleaning,5687,Paid,2026-12-16,2026-12-23
I00414,V011,P006,2025-05-23,Landscaping,2089,Approved,2025-05-25,
I00415,V008,P005,2025-02-06,Security,7968,Paid,2025-02-07,2025-02-15
I00416,V006,P006,2026-11-29,Repairs,9358,Approved,2026-12-02,
I00417,V008,P007,2025-09-18,Utilities,1044,Pending,,
I00418,V002,P003,2025-08-19,Landscaping,8320,Approved,2025-08-25,
I00419,V019,P005,2025-09-11,Repairs,1997,Approved,2025-09-12,
I00420,V016,P008,2025-11-25,Repairs,5851,Approved,2025-11-30,
I00421,V007,P004,2025-10-24,Utilities,5250,Approved,2025-10-29,
I00422,V010,P010,2025-01-10,Utilities,1797,Approved,2025-01-13,
I00423,V012,P002,2026-03-22,Cleaning,5985,Paid,2026-03-27,2026-04-02
I00424,V017,P004,2025-08-18,Security,1765,Paid,2025-08-22,2025-08-25
I00425,V007,P002,2026-06-20,Landscaping,9862,Approved,2026-06-26,
I00426,V008,P003,2025-03-19,Security,9051,Paid,2025-03-22,2025-04-01
I00427,V007,P004,2026-03-01,Landscaping,9643,Approved,2026-03-05,
I00428,V004,P004,2025-07-12,Repairs,9560,Paid,2025-07-17,2025-07-21
I00429,V003,P010,2026-02-05,Utilities,1885,Approved,2026-02-08,
I00430,V019,P009,2025-04-19,Utilities,6048,Pending,,
I00431,V015,P010,2025-09-20,Repairs,2707,Pending,,
I00432,V004,P006,2025-11-25,Repairs,8690,Paid,2025-11-29,2025-12-06
I00433,V009,P009,2025-12-29,Landscaping,2730,Approved,2026-01-03,
I00434,V013,P004,2026-01-13,Repairs,7760,Paid,2026-01-15,2026-01-21
I00435,V018,P009,2025-12-07,Landscaping,9961,Approved,2025-12-09,
I00436,V016,P009,2025-09-16,Security,338,Approved,2025-09-17,
I00437,V001,P006,2025-12-01,Utilities,3636,Pending,,
I00438,V004,P005,2025-03-26,Utilities,3961,Paid,2025-03-28,2025-04-07
I00439,V018,P003,2026-06-06,Utilities,9438,Pending,,
I00440,V008,P005,2026-07-25,Security,9849,Paid,2026-07-29,2026-08-07
I00441,V020,P003,2025-11-04,Security,8591,Approved,2025-11-10,
I00442,V016,P005,2025-09-19,Cleaning,7999,Paid,2025-09-21,2025-09-26
I00443,V011,P005,2026-09-23,Landscaping,7245,Pending,,
I00444,V020,P002,2026-11-11,Landscaping,5961,Pending,,
I00445,V019,P009,2026-12-02,Cleaning,348,Approved,2026-12-05,
I00446,V019,P007,2026-03-28,Utilities,4423,Approved,2026-03-31,
I00447,V018,P006,2025-09-08,Landscaping,7201,Pending,,
I00448,V019,P005,2025-11-20,Landscaping,2960,Paid,2025-11-23,2025-11-29
I00449,V011,P004,2025-08-17,Utilities,823,Pending,,
I00450,V003,P008,2026-12-03,Repairs,669,Approved,2026-12-05,
I00451,V008,P002,2026-09-28,Repairs,8511,Pending,,
I00452,V020,P008,2026-08-19,Cleaning,9686,Approved,2026-08-21,
I00453,V019,P001,2025-10-24,Security,2934,Approved,2025-10-25,
I00454,V010,P010,2026-12-28,Landscaping,8028,Pending,,
I00455,V016,P001,2025-08-25,Landscaping,6771,Paid,2025-08-31,2025-09-02
I00456,V005,P003,2026-09-17,Cleaning,2222,Approved,2026-09-23,
I00457,V020,P005,2025-08-05,Cleaning,4100,Paid,2025-08-10,2025-08-15
I00458,V009,P006,2025-09-03,Landscaping,3189,Pending,,
I00459,V008,P004,2026-03-24,Utilities,7265,Approved,2026-03-25,
I00460,V011,P007,2025-11-15,Utilities,7310,Pending,,
I00461,V016,P007,2026-03-08,Security,149,Paid,2026-03-12,2026-03-16
I00462,V007,P002,2026-02-08,Landscaping,614,Approved,2026-02-11,
I00463,V015,P002,2025-02-06,Landscaping,4771,Paid,2025-02-08,2025-02-15
I00464,V020,P002,2026-07-30,Landscaping,7849,Approved,2026-08-04,
I00465,V017,P002,2025-12-08,Landscaping,1265,Paid,2025-12-13,2025-12-20
I00466,V006,P009,2026-01-24,Cleaning,514,Approved,2026-01-26,
I00467,V015,P005,2025-02-03,Repairs,1204,Pending,,
I00468,V008,P008,2025-02-08,Landscaping,4958,Pending,,
I00469,V007,P005,2026-08-02,Repairs,3456,Approved,2026-08-03,
I00470,V002,P005,2025-07-28,Utilities,2516,Approved,2025-08-02,
I00471,V013,P001,2025-06-01,Security,5711,Pending,,
I00472,V006,P006,2025-12-31,Utilities,5565,Paid,2026-01-06,2026-01-11
I00473,V005,P004,2025-07-18,Landscaping,8495,Approved,2025-07-19,
I00474,V020,P003,2026-08-24,Utilities,7292,Approved,2026-08-26,
I00475,V001,P006,2025-03-20,Cleaning,5772,Pending,,
I00476,V018,P002,2026-04-22,Repairs,8360,Approved,2026-04-23,
I00477,V015,P008,2026-03-10,Landscaping,8807,Pending,,
I00478,V010,P001,2025-02-01,Cleaning,3663,Pending,,
I00479,V003,P009,2025-03-28,Repairs,6483,Paid,2025-04-03,2025-04-10
I00480,V005,P008,2026-07-05,Cleaning,9756,Approved,2026-07-08,
I00481,V013,P001,2026-01-28,Utilities,9944,Approved,2026-01-30,
I00482,V008,P010,2026-09-05,Landscaping,8998,Pending,,
I00483,V002,P009,2025-09-01,Utilities,9917,Approved,2025-09-07,
I00484,V009,P002,2025-08-20,Security,6933,Pending,,
I00485,V017,P003,2026-08-03,Landscaping,4852,Approved,2026-08-05,
I00486,V018,P002,2025-07-11,Utilities,8223,Approved,2025-07-17,
I00487,V013,P008,2026-06-24,Landscaping,3885,Approved,2026-06-30,
I00488,V001,P002,2025-09-27,Repairs,9637,Paid,2025-10-02,2025-10-10
I00489,V012,P010,2025-03-18,Landscaping,8635,Approved,2025-03-23,
I00490,V020,P002,2025-06-16,Landscaping,8827,Approved,2025-06-21,
I00491,V020,P001,2025-10-11,Repairs,8646,Approved,2025-10-14,
I00492,V005,P007,2026-12-05,Utilities,5123,Pending,,
I00493,V008,P002,2025-03-30,Landscaping,1082,Paid,2025-04-02,2025-04-09
I00494,V015,P010,2026-06-28,Cleaning,1445,Approved,2026-07-04,
I00495,V003,P005,2026-10-11,Landscaping,5791,Pending,,
I00496,V006,P005,2025-06-05,Utilities,6102,Paid,2025-06-09,2025-06-18
I00497,V013,P003,2025-09-07,Repairs,626,Pending,,
I00498,V012,P003,2025-04-05,Utilities,6747,Paid,2025-04-07,2025-04-15
I00499,V019,P003,2025-01-17,Security,7352,Paid,2025-01-22,2025-01-29
I00500,V018,P006,2025-04-27,Landscaping,1030,Approved,2025-04-29,
I00501,V001,P004,2025-11-29,Landscaping,2382,Pending,,
I00502,V007,P003,2026-06-06,Repairs,2046,Pending,,
I00503,V012,P002,2025-03-21,Landscaping,3460,Pending,,
I00504,V010,P003,2026-10-08,Cleaning,9885,Pending,,
I00505,V012,P004,2026-03-08,Cleaning,8212,Approved,2026-03-14,
I00506,V011,P006,2025-07-22,Utilities,3025,Paid,2025-07-23,2025-08-01
I00507,V004,P004,2025-04-26,Repairs,3725,Approved,2025-05-02,
I00508,V019,P008,2025-08-08,Security,5569,Approved,2025-08-11,
I00509,V006,P003,2025-09-10,Utilities,1323,Approved,2025-09-14,
I00510,V009,P003,2025-06-18,Repairs,7210,Paid,2025-06-19,2025-06-25
I00511,V020,P003,2025-11-12,Repairs,9257,Pending,,
I00512,V010,P008,2026-12-18,Utilities,5092,Approved,2026-12-20,
I00513,V005,P004,2026-01-07,Utilities,8914,Paid,2026-01-10,2026-01-16
I00514,V013,P001,2026-08-06,Landscaping,4887,Paid,2026-08-11,2026-08-19
I00515,V009,P002,2025-06-05,Security,6918,Paid,2025-06-06,2025-06-15
I00516,V002,P010,2026-09-06,Cleaning,4826,Paid,2026-09-09,2026-09-14
I00517,V018,P002,2025-01-13,Landscaping,2472,Pending,,
I00518,V001,P003,2026-05-23,Repairs,3399,Approved,2026-05-25,
I00519,V012,P006,2026-04-10,Security,9460,Pending,,
I00520,V010,P008,2025-08-08,Security,6551,Approved,2025-08-14,
I00521,V002,P001,2025-01-15,Utilities,8683,Approved,2025-01-17,
I00522,V009,P009,2025-04-27,Security,3909,Approved,2025-04-28,
I00523,V002,P001,2025-11-27,Security,2507,Paid,2025-11-28,2025-12-08
I00524,V014,P010,2025-02-25,Repairs,4964,Approved,2025-03-03,
I00525,V011,P002,2025-12-17,Landscaping,5127,Approved,2025-12-18,
I00526,V011,P003,2025-05-12,Security,4360,Pending,,
I00527,V017,P007,2025-08-14,Utilities,4928,Paid,2025-08-18,2025-08-23
I00528,V004,P009,2025-11-04,Landscaping,8872,Pending,,
I00529,V013,P003,2026-04-20,Utilities,9112,Pending,,
I00530,V007,P008,2025-08-10,Security,9539,Pending,,
I00531,V016,P009,2025-06-22,Landscaping,8415,Approved,2025-06-27,
I00532,V001,P010,2025-12-06,Security,1974,Pending,,
I00533,V013,P007,2026-05-21,Repairs,8815,Paid,2026-05-24,2026-06-02
I00534,V001,P004,2025-06-06,Landscaping,3223,Paid,2025-06-12,2025-06-19
I00535,V011,P004,2025-05-31,Utilities,4324,Paid,2025-06-02,2025-06-08
I00536,V006,P004,2026-11-28,Repairs,5354,Pending,,
I00537,V020,P006,2025-06-27,Cleaning,3298,Paid,2025-06-29,2025-07-04
I00538,V003,P004,2026-06-17,Utilities,7182,Paid,2026-06-22,2026-06-27
I00539,V012,P005,2025-04-22,Security,1310,Paid,2025-04-23,2025-04-30
I00540,V005,P009,2026-11-14,Utilities,9318,Approved,2026-11-15,
I00541,V009,P007,2025-05-18,Cleaning,5504,Paid,2025-05-20,2025-05-27
I00542,V012,P008,2025-08-21,Utilities,4217,Pending,,
I00543,V010,P005,2025-11-28,Repairs,5529,Paid,2025-12-03,2025-12-11
I00544,V019,P005,2026-06-26,Utilities,8789,Pending,,
I00545,V005,P007,2025-11-03,Landscaping,9985,Approved,2025-11-05,
I00546,V005,P008,2025-06-10,Cleaning,4858,Paid,2025-06-11,2025-06-18
I00547,V009,P009,2026-02-06,Utilities,8282,Approved,2026-02-12,
I00548,V020,P002,2026-08-13,Cleaning,9016,Pending,,
I00549,V017,P003,2025-10-05,Repairs,475,Paid,2025-10-08,2025-10-12
I00550,V010,P002,2025-11-16,Landscaping,7513,Paid,2025-11-17,2025-11-27
I00551,V001,P010,2026-06-17,Security,4498,Pending,,
I00552,V016,P007,2026-05-12,Utilities,3959,Paid,2026-05-18,2026-05-22
I00553,V015,P002,2025-12-29,Repairs,1786,Approved,2026-01-01,
I00554,V017,P002,2026-01-07,Cleaning,5112,Approved,2026-01-11,
I00555,V020,P002,2026-10-17,Cleaning,356,Pending,,
I00556,V013,P004,2025-02-05,Repairs,3700,Pending,,
I00557,V001,P001,2025-10-30,Utilities,150,Pending,,
I00558,V008,P002,2026-03-14,Security,6690,Pending,,
I00559,V005,P003,2026-12-27,Utilities,7537,Paid,2027-01-01,2027-01-05
I00560,V006,P007,2025-02-01,Landscaping,694,Approved,2025-02-07,
I00561,V020,P010,2025-07-05,Utilities,4831,Paid,2025-07-09,2025-07-18
I00562,V014,P001,2025-06-23,Landscaping,3973,Paid,2025-06-24,2025-07-03
I00563,V011,P006,2026-07-20,Cleaning,9364,Pending,,
I00564,V006,P003,2026-11-04,Landscaping,5848,Paid,2026-11-09,2026-11-14
I00565,V011,P003,2025-09-07,Security,5337,Paid,2025-09-13,2025-09-19
I00566,V013,P004,2025-10-06,Repairs,1576,Approved,2025-10-07,
I00567,V012,P004,2026-11-14,Landscaping,4970,Pending,,
I00568,V002,P007,2026-11-26,Utilities,8132,Paid,2026-12-01,2026-12-06
I00569,V003,P003,2025-01-02,Landscaping,3120,Paid,2025-01-07,2025-01-10
I00570,V004,P008,2025-07-13,Cleaning,6166,Paid,2025-07-14,2025-07-21
I00571,V017,P008,2025-06-15,Landscaping,8153,Pending,,
I00572,V006,P007,2025-04-20,Security,9956,Pending,,
I00573,V007,P002,2026-01-15,Landscaping,9687,Approved,2026-01-16,
I00574,V015,P005,2026-08-06,Security,8166,Approved,2026-08-12,
I00575,V011,P006,2026-11-07,Utilities,8267,Pending,,
I00576,V003,P010,2025-10-12,Cleaning,4880,Approved,2025-10-17,
I00577,V006,P004,2026-02-25,Repairs,4145,Approved,2026-03-03,
I00578,V002,P010,2025-04-23,Utilities,2333,Paid,2025-04-28,2025-05-04
I00579,V014,P005,2025-08-16,Utilities,8217,Approved,2025-08-22,
I00580,V009,P009,2026-04-16,Repairs,6459,Approved,2026-04-17,
I00581,V018,P007,2026-06-12,Landscaping,4297,Paid,2026-06-13,2026-06-19
I00582,V019,P002,2026-05-11,Landscaping,9598,Paid,2026-05-13,2026-05-24
I00583,V012,P001,2025-01-31,Landscaping,9929,Pending,,
I00584,V013,P002,2025-06-11,Cleaning,9432,Pending,,
I00585,V012,P003,2026-12-06,Utilities,715,Paid,2026-12-12,2026-12-19
I00586,V012,P002,2026-12-23,Security,1666,Approved,2026-12-25,
I00587,V018,P003,2026-01-13,Repairs,9268,Paid,2026-01-15,2026-01-22
I00588,V009,P010,2026-03-22,Utilities,9608,Approved,2026-03-26,
I00589,V017,P009,2026-03-03,Landscaping,2439,Pending,,
I00590,V016,P004,2026-11-27,Repairs,8209,Approved,2026-12-02,
I00591,V017,P009,2026-05-19,Security,7474,Approved,2026-05-22,
I00592,V008,P003,2026-06-11,Utilities,6807,Approved,2026-06-15,
I00593,V011,P001,2026-12-22,Utilities,478,Pending,,
I00594,V002,P005,2026-11-15,Cleaning,3565,Paid,2026-11-20,2026-11-23
I00595,V008,P010,2026-06-16,Utilities,6105,Approved,2026-06-19,
I00596,V012,P010,2026-08-05,Utilities,2371,Approved,2026-08-07,
I00597,V001,P002,2026-06-04,Security,9338,Paid,2026-06-07,2026-06-14
I00598,V013,P004,2025-02-03,Security,1107,Approved,2025-02-04,
I00599,V017,P002,2026-11-22,Repairs,6900,Paid,2026-11-23,2026-11-29
I00600,V014,P002,2026-05-05,Landscaping,209,Paid,2026-05-11,2026-05-14
I00601,V014,P003,2026-09-12,Security,2871,Approved,2026-09-17,
I00602,V016,P005,2026-02-27,Repairs,3983,Approved,2026-03-03,
I00603,V017,P004,2026-04-13,Utilities,2700,Paid,2026-04-15,2026-04-26
I00604,V006,P002,2025-01-24,Repairs,5618,Pending,,
I00605,V007,P010,2025-08-04,Repairs,3343,Pending,,
I00606,V001,P002,2025-02-24,Repairs,1105,Paid,2025-03-01,2025-03-05
I00607,V015,P006,2025-01-26,Repairs,405,Paid,2025-01-28,2025-02-04
I00608,V020,P007,2025-10-08,Security,5801,Paid,2025-10-09,2025-10-21
I00609,V018,P010,2025-11-23,Landscaping,1058,Pending,,
I00610,V013,P006,2025-07-05,Repairs,9245,Pending,,
I00611,V002,P007,2026-05-10,Cleaning,5370,Pending,,
I00612,V019,P001,2025-01-12,Utilities,7695,Approved,2025-01-16,
I00613,V015,P006,2026-10-03,Utilities,3638,Approved,2026-10-07,
I00614,V012,P003,2026-03-10,Utilities,7120,Approved,2026-03-11,
I00615,V015,P001,2025-07-27,Utilities,1730,Pending,,
I00616,V018,P008,2025-05-13,Utilities,2703,Approved,2025-05-16,
I00617,V014,P004,2025-12-05,Repairs,8358,Approved,2025-12-09,
I00618,V006,P010,2025-07-15,Landscaping,9126,Pending,,
I00619,V012,P008,2025-09-19,Cleaning,305,Paid,2025-09-22,2025-09-28
I00620,V020,P010,2025-10-09,Security,9824,Pending,,
I00621,V006,P004,2026-01-04,Cleaning,5791,Paid,2026-01-06,2026-01-15
I00622,V009,P004,2025-04-13,Security,6241,Paid,2025-04-17,2025-04-22
I00623,V004,P010,2026-09-24,Security,3245,Approved,2026-09-30,
I00624,V017,P004,2025-07-02,Cleaning,3220,Pending,,
I00625,V002,P006,2026-02-27,Repairs,6828,Approved,2026-02-28,
I00626,V016,P009,2025-01-09,Utilities,8999,Paid,2025-01-12,2025-01-16
I00627,V014,P005,2026-07-11,Repairs,6130,Pending,,
I00628,V008,P010,2025-09-01,Utilities,278,Paid,2025-09-07,2025-09-09
I00629,V014,P008,2026-09-16,Landscaping,5267,Paid,2026-09-18,2026-09-23
I00630,V002,P008,2026-07-21,Security,212,Paid,2026-07-23,2026-07-31
I00631,V016,P004,2026-01-28,Cleaning,9048,Approved,2026-02-01,
I00632,V004,P010,2026-06-11,Landscaping,9188,Paid,2026-06-15,2026-06-23
I00633,V001,P009,2025-02-06,Utilities,8450,Paid,2025-02-12,2025-02-17
I00634,V020,P009,2025-06-27,Repairs,9077,Approved,2025-07-02,
I00635,V014,P005,2026-10-01,Cleaning,1903,Pending,,
I00636,V008,P006,2026-09-21,Security,2398,Pending,,
I00637,V003,P005,2025-03-13,Landscaping,1642,Pending,,
I00638,V005,P003,2025-12-18,Security,7359,Paid,2025-12-23,2025-12-29
I00639,V006,P008,2026-09-15,Utilities,2254,Approved,2026-09-19,
I00640,V008,P009,2025-05-29,Security,8866,Paid,2025-06-03,2025-06-08
I00641,V006,P004,2026-11-28,Repairs,1481,Paid,2026-11-29,2026-12-11
I00642,V006,P009,2025-04-15,Landscaping,6002,Approved,2025-04-21,
I00643,V004,P009,2026-10-21,Landscaping,1322,Approved,2026-10-22,
I00644,V007,P007,2025-08-09,Repairs,1601,Pending,,
I00645,V019,P008,2026-01-09,Security,9150,Paid,2026-01-14,2026-01-16
I00646,V007,P003,2026-06-02,Repairs,3674,Approved,2026-06-06,
I00647,V003,P005,2025-09-17,Cleaning,3829,Approved,2025-09-18,
I00648,V008,P003,2025-10-26,Repairs,7840,Pending,,
I00649,V001,P007,2025-02-11,Security,3291,Paid,2025-02-13,2025-02-18
I00650,V001,P006,2026-05-07,Repairs,9888,Paid,2026-05-11,2026-05-17
I00651,V014,P003,2026-03-15,Utilities,7576,Approved,2026-03-21,
I00652,V006,P009,2025-02-16,Repairs,1661,Approved,2025-02-19,
I00653,V010,P001,2025-03-26,Repairs,2622,Paid,2025-03-29,2025-04-08
I00654,V014,P010,2026-11-17,Security,2491,Pending,,
I00655,V004,P003,2025-02-27,Cleaning,2775,Pending,,
I00656,V006,P010,2026-12-12,Cleaning,2283,Approved,2026-12-16,
I00657,V016,P007,2025-07-28,Security,8568,Pending,,
I00658,V001,P003,2025-09-05,Security,8166,Approved,2025-09-10,
I00659,V006,P003,2025-07-30,Security,2178,Approved,2025-07-31,
I00660,V009,P002,2025-02-08,Utilities,4442,Approved,2025-02-09,
I00661,V015,P009,2025-09-09,Landscaping,1220,Pending,,
I00662,V012,P004,2026-10-05,Repairs,5519,Approved,2026-10-09,
I00663,V003,P010,2026-02-17,Security,3470,Approved,2026-02-19,
I00664,V011,P006,2026-03-22,Security,2008,Approved,2026-03-28,
I00665,V015,P002,2025-02-21,Security,3620,Approved,2025-02-26,
I00666,V003,P009,2026-01-09,Cleaning,4407,Paid,2026-01-11,2026-01-21
I00667,V014,P007,2026-06-10,Security,4596,Pending,,
I00668,V002,P010,2025-06-05,Repairs,4850,Paid,2025-06-09,2025-06-14
I00669,V004,P005,2026-06-26,Security,597,Pending,,
I00670,V019,P007,2025-03-31,Repairs,7091,Approved,2025-04-04,
I00671,V012,P004,2026-11-10,Utilities,3687,Approved,2026-11-12,
I00672,V002,P010,2025-12-17,Landscaping,2513,Approved,2025-12-20,
I00673,V017,P007,2025-03-10,Cleaning,3900,Paid,2025-03-14,2025-03-23
I00674,V003,P002,2025-06-12,Repairs,8754,Approved,2025-06-18,
I00675,V010,P007,2025-08-30,Utilities,6271,Approved,2025-09-04,
I00676,V016,P004,2026-05-10,Landscaping,3557,Paid,2026-05-12,2026-05-19
I00677,V009,P004,2026-01-18,Landscaping,8564,Pending,,
I00678,V011,P001,2025-02-21,Landscaping,7069,Pending,,
I00679,V015,P003,2026-10-16,Repairs,1250,Pending,,
I00680,V003,P005,2025-03-04,Utilities,7554,Pending,,
I00681,V016,P005,2026-05-24,Security,5307,Approved,2026-05-27,
I00682,V012,P002,2025-10-19,Utilities,118,Approved,2025-10-21,
I00683,V005,P004,2025-04-01,Utilities,9908,Pending,,
I00684,V007,P001,2026-10-26,Utilities,3278,Pending,,
I00685,V009,P009,2026-02-28,Repairs,5677,Paid,2026-03-03,2026-03-08
I00686,V018,P001,2026-10-31,Repairs,4181,Paid,2026-11-03,2026-11-07
I00687,V008,P006,2025-12-31,Repairs,6554,Paid,2026-01-06,2026-01-07
I00688,V012,P007,2025-05-30,Utilities,8703,Paid,2025-06-04,2025-06-09
I00689,V020,P003,2025-09-28,Repairs,9033,Paid,2025-10-02,2025-10-08
I00690,V002,P001,2026-08-04,Landscaping,2771,Paid,2026-08-07,2026-08-13
I00691,V010,P007,2025-04-26,Repairs,6487,Approved,2025-04-30,
I00692,V019,P003,2026-12-05,Cleaning,6933,Pending,,
I00693,V009,P010,2026-05-31,Repairs,2724,Approved,2026-06-05,
I00694,V008,P006,2026-08-10,Repairs,5599,Pending,,
I00695,V001,P006,2025-08-29,Repairs,614,Paid,2025-09-02,2025-09-11
I00696,V006,P004,2025-01-30,Repairs,306,Approved,2025-02-05,
I00697,V012,P006,2025-05-23,Cleaning,1047,Approved,2025-05-29,
I00698,V019,P010,2025-11-22,Security,1928,Pending,,
I00699,V017,P004,2026-11-26,Repairs,6961,Approved,2026-11-27,
I00700,V002,P008,2025-01-16,Landscaping,6194,Approved,2025-01-22,
I00701,V011,P009,2025-04-21,Cleaning,6445,Pending,,
I00702,V018,P002,2026-12-14,Security,2267,Approved,2026-12-17,
I00703,V011,P007,2025-04-17,Repairs,8079,Pending,,
I00704,V018,P009,2026-01-14,Security,6026,Approved,2026-01-19,
I00705,V008,P009,2025-06-11,Landscaping,6632,Approved,2025-06-17,
I00706,V015,P005,2025-10-10,Cleaning,5756,Paid,2025-10-12,2025-10-17
I00707,V009,P001,2025-09-26,Cleaning,6043,Approved,2025-10-01,
I00708,V015,P006,2026-04-29,Security,9948,Approved,2026-05-02,
I00709,V007,P008,2026-10-29,Repairs,8893,Paid,2026-11-03,2026-11-05
I00710,V020,P001,2025-03-14,Utilities,5539,Approved,2025-03-20,
I00711,V013,P002,2025-07-16,Cleaning,9003,Approved,2025-07-18,
I00712,V013,P001,2025-08-31,Utilities,1303,Approved,2025-09-01,
I00713,V001,P005,2026-08-21,Cleaning,7100,Paid,2026-08-24,2026-09-01
I00714,V020,P002,2025-09-16,Repairs,9683,Approved,2025-09-19,
I00715,V004,P010,2025-05-29,Repairs,6739,Approved,2025-06-03,
I00716,V004,P010,2026-01-25,Cleaning,7789,Paid,2026-01-29,2026-02-02
I00717,V004,P004,2026-02-20,Security,7613,Pending,,
I00718,V013,P001,2026-03-02,Repairs,6726,Paid,2026-03-06,2026-03-10
I00719,V002,P007,2026-12-03,Repairs,7486,Approved,2026-12-05,
I00720,V015,P008,2025-08-05,Landscaping,3231,Approved,2025-08-06,
I00721,V004,P005,2025-03-27,Repairs,7234,Paid,2025-03-28,2025-04-05
I00722,V006,P002,2025-08-04,Landscaping,3830,Pending,,
I00723,V003,P008,2026-02-27,Repairs,2766,Paid,2026-03-04,2026-03-11
I00724,V007,P001,2025-11-16,Repairs,649,Paid,2025-11-21,2025-11-29
I00725,V006,P007,2025-04-28,Security,4841,Approved,2025-05-02,
I00726,V003,P001,2026-02-19,Security,1344,Paid,2026-02-25,2026-02-26
I00727,V004,P006,2026-08-22,Repairs,4112,Pending,,
I00728,V010,P006,2025-02-09,Cleaning,9137,Paid,2025-02-10,2025-02-20
I00729,V009,P005,2025-06-10,Cleaning,6296,Approved,2025-06-16,
I00730,V006,P002,2026-12-04,Repairs,4645,Approved,2026-12-05,
I00731,V020,P002,2026-06-21,Cleaning,6305,Pending,,
I00732,V011,P009,2026-02-24,Repairs,7290,Approved,2026-03-02,
I00733,V007,P005,2026-10-26,Security,8335,Pending,,
I00734,V018,P005,2025-04-05,Utilities,758,Paid,2025-04-11,2025-04-18
I00735,V004,P007,2026-03-18,Landscaping,7095,Paid,2026-03-19,2026-03-25
I00736,V005,P006,2026-07-12,Cleaning,5876,Pending,,
I00737,V004,P002,2026-10-12,Cleaning,5393,Pending,,
I00738,V004,P001,2026-04-11,Security,1791,Paid,2026-04-13,2026-04-21
I00739,V013,P005,2025-10-15,Cleaning,9657,Approved,2025-10-17,
I00740,V016,P004,2026-11-07,Repairs,7835,Pending,,
I00741,V014,P003,2026-02-16,Repairs,3230,Approved,2026-02-21,
I00742,V011,P002,2026-02-04,Utilities,7144,Approved,2026-02-10,
I00743,V002,P010,2026-06-12,Utilities,4633,Pending,,
I00744,V014,P002,2025-01-18,Utilities,5647,Paid,2025-01-24,2025-01-31
I00745,V007,P004,2025-05-16,Repairs,1067,Approved,2025-05-22,
I00746,V011,P002,2026-04-09,Utilities,1504,Pending,,
I00747,V004,P004,2025-09-05,Utilities,8777,Paid,2025-09-11,2025-09-14
I00748,V007,P003,2026-12-11,Repairs,3730,Approved,2026-12-17,
I00749,V016,P009,2025-01-01,Security,3068,Pending,,
I00750,V006,P007,2026-12-03,Cleaning,7369,Pending,,
I00751,V006,P003,2026-01-16,Landscaping,1679,Pending,,
I00752,V002,P008,2026-05-24,Repairs,6092,Approved,2026-05-28,
I00753,V008,P009,2026-04-05,Repairs,150,Pending,,
I00754,V007,P007,2026-05-20,Landscaping,6552,Approved,2026-05-23,
I00755,V014,P006,2026-04-21,Landscaping,5253,Pending,,
I00756,V009,P004,2026-07-11,Utilities,9951,Approved,2026-07-17,
I00757,V015,P005,2025-02-01,Landscaping,6123,Paid,2025-02-05,2025-02-14
I00758,V018,P008,2025-04-28,Cleaning,4400,Approved,2025-04-30,
I00759,V012,P003,2025-07-03,Cleaning,2887,Approved,2025-07-09,
I00760,V019,P002,2025-07-10,Cleaning,2255,Paid,2025-07-12,2025-07-22
I00761,V013,P003,2026-12-29,Cleaning,7119,Approved,2027-01-03,
I00762,V007,P007,2025-03-15,Cleaning,5460,Approved,2025-03-18,
I00763,V010,P008,2026-09-15,Utilities,4330,Approved,2026-09-16,
I00764,V010,P001,2025-04-13,Repairs,9906,Paid,2025-04-16,2025-04-26
I00765,V002,P007,2026-08-09,Landscaping,7707,Pending,,
I00766,V014,P009,2026-02-24,Repairs,8698,Approved,2026-03-02,
I00767,V013,P003,2026-04-18,Landscaping,4297,Approved,2026-04-24,
I00768,V006,P003,2025-04-24,Utilities,9676,Approved,2025-04-27,
I00769,V009,P008,2026-01-14,Utilities,5512,Paid,2026-01-17,2026-01-27
I00770,V013,P004,2025-11-09,Security,4599,Approved,2025-11-14,
I00771,V009,P008,2025-11-26,Security,5009,Pending,,
I00772,V013,P005,2025-12-05,Utilities,7269,Paid,2025-12-07,2025-12-18
I00773,V005,P003,2025-08-26,Utilities,9921,Pending,,
I00774,V014,P004,2025-06-22,Landscaping,3362,Pending,,
I00775,V005,P004,2025-03-20,Utilities,9318,Approved,2025-03-21,
I00776,V009,P008,2026-04-09,Repairs,3089,Paid,2026-04-12,2026-04-17
I00777,V008,P006,2026-08-28,Landscaping,7754,Paid,2026-08-29,2026-09-04
I00778,V007,P007,2026-05-16,Utilities,2324,Paid,2026-05-19,2026-05-28
I00779,V008,P009,2026-07-16,Landscaping,5476,Pending,,
I00780,V003,P006,2025-10-12,Landscaping,3020,Approved,2025-10-14,
I00781,V015,P003,2025-08-11,Cleaning,7801,Pending,,
I00782,V008,P003,2026-08-16,Security,6641,Paid,2026-08-17,2026-08-25
I00783,V001,P003,2025-09-23,Landscaping,5715,Approved,2025-09-27,
I00784,V007,P010,2026-10-29,Landscaping,4415,Pending,,
I00785,V019,P002,2026-01-08,Cleaning,6200,Paid,2026-01-10,2026-01-16
I00786,V002,P001,2025-08-21,Utilities,2883,Approved,2025-08-22,
I00787,V014,P010,2025-08-24,Landscaping,9705,Approved,2025-08-27,
I00788,V018,P001,2026-11-02,Cleaning,2908,Paid,2026-11-05,2026-11-09
I00789,V015,P004,2025-11-10,Repairs,3431,Pending,,
I00790,V014,P003,2026-01-15,Cleaning,2278,Pending,,
I00791,V019,P005,2026-09-06,Security,897,Pending,,
I00792,V019,P009,2026-07-17,Security,2946,Approved,2026-07-19,
I00793,V017,P008,2026-02-24,Utilities,1029,Pending,,
I00794,V019,P009,2025-02-21,Utilities,4918,Approved,2025-02-23,
I00795,V016,P005,2026-12-22,Security,3191,Pending,,
I00796,V020,P008,2026-10-05,Security,2362,Paid,2026-10-08,2026-10-16
I00797,V019,P004,2026-05-24,Landscaping,9625,Pending,,
I00798,V001,P005,2025-07-24,Security,9566,Pending,,
I00799,V019,P003,2025-09-14,Utilities,7649,Pending,,
I00800,V007,P005,2025-07-04,Security,3580,Paid,2025-07-05,2025-07-13
